<?xml version="1.0" encoding="UTF-8"?>
<!-- This file was auto-generated from WSDL -->
<!-- by the Apache Axis2 version: 1.7.9  Built on : Nov 16, 2018 (12:05:37 GMT) -->
<serviceGroup>
    <service name="ContactRetrieverService">
        <messageReceivers>
            <messageReceiver mep="http://www.w3.org/ns/wsdl/robust-in-only" class="contactretriever.ContactRetrieverServiceMessageReceiverRobustInOnly"/>
            <messageReceiver mep="http://www.w3.org/ns/wsdl/in-out" class="contactretriever.ContactRetrieverServiceMessageReceiverInOut"/>
        </messageReceivers>
        <parameter name="ServiceClass">contactretriever.ContactRetrieverService</parameter>
        <parameter name="useOriginalwsdl">true</parameter>
        <parameter name="modifyUserWSDLPortAddress">true</parameter>
        <operation name="retrieveContactOperation" mep="http://www.w3.org/ns/wsdl/in-out" namespace="urn:ContactRetriever">
            <actionMapping>urn:ContactRetriever:loanPort:retrieveContactOperationRequest</actionMapping>
            <outputActionMapping>urn:ContactRetriever:loanPort:retrieveContactOperationResponse</outputActionMapping>
            <faultActionMapping faultName="GetError">urn:ContactRetriever:loanPort:retrieveContactOperation:Fault:GetError</faultActionMapping>
            <faultActionMapping faultName="ErrorFault">urn:ContactRetriever:loanPort:retrieveContactOperation:Fault:GetError</faultActionMapping>
            <faultActionMapping faultName="ErrorFault_Exception">urn:ContactRetriever:loanPort:retrieveContactOperation:Fault:GetError</faultActionMapping>
        </operation>
        <operation name="deleteContactOperation" mep="http://www.w3.org/ns/wsdl/robust-in-only" namespace="urn:ContactRetriever">
            <actionMapping>urn:ContactRetriever:loanPort:deleteContactOperation</actionMapping>
            <faultActionMapping faultName="DeleteError">urn:ContactRetriever:loanPort:deleteContactOperation:Fault:DeleteError</faultActionMapping>
            <faultActionMapping faultName="ErrorFault">urn:ContactRetriever:loanPort:deleteContactOperation:Fault:DeleteError</faultActionMapping>
            <faultActionMapping faultName="ErrorFault_Exception">urn:ContactRetriever:loanPort:deleteContactOperation:Fault:DeleteError</faultActionMapping>
        </operation>
        <operation name="modifyContactOperation" mep="http://www.w3.org/ns/wsdl/robust-in-only" namespace="urn:ContactRetriever">
            <actionMapping>urn:ContactRetriever:loanPort:modifyContactOperation</actionMapping>
            <faultActionMapping faultName="ModifyError">urn:ContactRetriever:loanPort:modifyContactOperation:Fault:ModifyError</faultActionMapping>
            <faultActionMapping faultName="ErrorFault">urn:ContactRetriever:loanPort:modifyContactOperation:Fault:ModifyError</faultActionMapping>
            <faultActionMapping faultName="ErrorFault_Exception">urn:ContactRetriever:loanPort:modifyContactOperation:Fault:ModifyError</faultActionMapping>
        </operation>
        <operation name="insertContactOperation" mep="http://www.w3.org/ns/wsdl/robust-in-only" namespace="urn:ContactRetriever">
            <actionMapping>urn:ContactRetriever:loanPort:insertContactOperation</actionMapping>
            <faultActionMapping faultName="InsertError">urn:ContactRetriever:loanPort:insertContactOperation:Fault:InsertError</faultActionMapping>
            <faultActionMapping faultName="ErrorFault">urn:ContactRetriever:loanPort:insertContactOperation:Fault:InsertError</faultActionMapping>
            <faultActionMapping faultName="ErrorFault_Exception">urn:ContactRetriever:loanPort:insertContactOperation:Fault:InsertError</faultActionMapping>
        </operation>
    </service>
</serviceGroup>
